{"psnr": 20.482262074452525, "ssim": 0.5320953395681561}